Gene Symbol,Description,Category,Uniprot ID,Gifts,GC Id,Relevance score, GeneCards Link
TP53,Tumor Protein P53,Protein Coding,P04637,66,GC17M007661,147.6468201,https://www.genecards.org/cgi-bin/carddisp.pl?gene=TP53
GAA,Alpha Glucosidase,Protein Coding,P10253,64,GC17P080101,138.7947998,https://www.genecards.org/cgi-bin/carddisp.pl?gene=GAA
PIK3CA,"Phosphatidylinositol-4,5-Bisphosphate 3-Kinase Catalytic Subunit Alpha",Protein Coding,P42336,65,GC03P179148,105.8964844,https://www.genecards.org/cgi-bin/carddisp.pl?gene=PIK3CA
MTOR,Mechanistic Target Of Rapamycin Kinase,Protein Coding,P42345,68,GC01M011106,100.8213272,https://www.genecards.org/cgi-bin/carddisp.pl?gene=MTOR
INS,Insulin,Protein Coding,P01308,61,GC11M002159,92.20926666,https://www.genecards.org/cgi-bin/carddisp.pl?gene=INS
CFTR,CF Transmembrane Conductance Regulator,Protein Coding,P13569,66,GC07P117287,90.77875519,https://www.genecards.org/cgi-bin/carddisp.pl?gene=CFTR
SQSTM1,Sequestosome 1,Protein Coding,Q13501,62,GC05P179806,88.13074493,https://www.genecards.org/cgi-bin/carddisp.pl?gene=SQSTM1
NOTCH1,Notch Receptor 1,Protein Coding,P46531,66,GC09M139264,87.89632416,https://www.genecards.org/cgi-bin/carddisp.pl?gene=NOTCH1
ACE,Angiotensin I Converting Enzyme,Protein Coding,P12821,64,GC17P063477,86.793396,https://www.genecards.org/cgi-bin/carddisp.pl?gene=ACE
IL6,Interleukin 6,Protein Coding,P05231,64,GC07P022725,79.85718536,https://www.genecards.org/cgi-bin/carddisp.pl?gene=IL6
DYSF,Dysferlin,Protein Coding,O75923,56,GC02P071453,77.88149261,https://www.genecards.org/cgi-bin/carddisp.pl?gene=DYSF
FGFR2,Fibroblast Growth Factor Receptor 2,Protein Coding,P21802,68,GC10M121478,77.5203476,https://www.genecards.org/cgi-bin/carddisp.pl?gene=FGFR2
PMM2,Phosphomannomutase 2,Protein Coding,O15305,58,GC16P008788,74.87097168,https://www.genecards.org/cgi-bin/carddisp.pl?gene=PMM2
GCK,Glucokinase,Protein Coding,P35557,62,GC07M045688,74.38568878,https://www.genecards.org/cgi-bin/carddisp.pl?gene=GCK
AR,Androgen Receptor,Protein Coding,P10275,65,GC0XP067544,73.61320496,https://www.genecards.org/cgi-bin/carddisp.pl?gene=AR
VCP,Valosin Containing Protein,Protein Coding,P55072,62,GC09M035732,73.51200104,https://www.genecards.org/cgi-bin/carddisp.pl?gene=VCP
ABCC8,ATP Binding Cassette Subfamily C Member 8,Protein Coding,Q09428,59,GC11M017392,73.26176453,https://www.genecards.org/cgi-bin/carddisp.pl?gene=ABCC8
LMNA,Lamin A/C,Protein Coding,P02545,63,GC01P156082,70.55271149,https://www.genecards.org/cgi-bin/carddisp.pl?gene=LMNA
APOE,Apolipoprotein E,Protein Coding,P02649,62,GC19P152697,68.88220978,https://www.genecards.org/cgi-bin/carddisp.pl?gene=APOE
PRKAG2,Protein Kinase AMP-Activated Non-Catalytic Subunit Gamma 2,Protein Coding,Q9UGJ0,62,GC07M151556,67.34358215,https://www.genecards.org/cgi-bin/carddisp.pl?gene=PRKAG2
MAN2B1,Mannosidase Alpha Class 2B Member 1,Protein Coding,O00754,57,GC19M108205,65.63926697,https://www.genecards.org/cgi-bin/carddisp.pl?gene=MAN2B1
MOGS,Mannosyl-Oligosaccharide Glucosidase,Protein Coding,Q13724,57,GC02M074461,64.45709229,https://www.genecards.org/cgi-bin/carddisp.pl?gene=MOGS
PPARG,Peroxisome Proliferator Activated Receptor Gamma,Protein Coding,P37231,65,GC03P012287,64.45676422,https://www.genecards.org/cgi-bin/carddisp.pl?gene=PPARG
DMD,Dystrophin,Protein Coding,P11532,58,GC0XM031097,61.70969772,https://www.genecards.org/cgi-bin/carddisp.pl?gene=DMD
IGF1,Insulin Like Growth Factor 1,Protein Coding,P05019,61,GC12M102395,60.74174118,https://www.genecards.org/cgi-bin/carddisp.pl?gene=IGF1
CBS,Cystathionine Beta-Synthase,Protein Coding,P35520,64,GC21M043053,60.512146,https://www.genecards.org/cgi-bin/carddisp.pl?gene=CBS
IL1B,Interleukin 1 Beta,Protein Coding,P01584,60,GC02M112829,59.93965149,https://www.genecards.org/cgi-bin/carddisp.pl?gene=IL1B
ALB,Albumin,Protein Coding,P02768,61,GC04P073397,58.41779327,https://www.genecards.org/cgi-bin/carddisp.pl?gene=ALB
MYH7,Myosin Heavy Chain 7,Protein Coding,P12883,60,GC14M023412,57.27661514,https://www.genecards.org/cgi-bin/carddisp.pl?gene=MYH7
INSR,Insulin Receptor,Protein Coding,P06213,67,GC19M007112,56.98052979,https://www.genecards.org/cgi-bin/carddisp.pl?gene=INSR
CXCR4,C-X-C Motif Chemokine Receptor 4,Protein Coding,P61073,65,GC02M136114,56.61719894,https://www.genecards.org/cgi-bin/carddisp.pl?gene=CXCR4
GBA1,Glucosylceramidase Beta 1,Protein Coding,P04062,62,GC01M167453,56.53155899,https://www.genecards.org/cgi-bin/carddisp.pl?gene=GBA1
MECP2,Methyl-CpG Binding Protein 2,Protein Coding,P51608,60,GC0XM154021,55.76104736,https://www.genecards.org/cgi-bin/carddisp.pl?gene=MECP2
NFKB1,Nuclear Factor Kappa B Subunit 1,Protein Coding,P19838,66,GC04P102501,55.73448563,https://www.genecards.org/cgi-bin/carddisp.pl?gene=NFKB1
FAS,Fas Cell Surface Death Receptor,Protein Coding,P25445,64,GC10P124091,55.13035965,https://www.genecards.org/cgi-bin/carddisp.pl?gene=FAS
TTR,Transthyretin,Protein Coding,P02766,61,GC18P031557,55.07700348,https://www.genecards.org/cgi-bin/carddisp.pl?gene=TTR
SI,Sucrase-Isomaltase,Protein Coding,P14410,58,GC03M164978,54.57138062,https://www.genecards.org/cgi-bin/carddisp.pl?gene=SI
DPAGT1,Dolichyl-Phosphate N-Acetylglucosaminephosphotransferase 1,Protein Coding,Q9H3H5,57,GC11M140656,54.34501648,https://www.genecards.org/cgi-bin/carddisp.pl?gene=DPAGT1
LAMP2,Lysosomal Associated Membrane Protein 2,Protein Coding,P13473,57,GC0XM120426,53.35349655,https://www.genecards.org/cgi-bin/carddisp.pl?gene=LAMP2
TTN,Titin,Protein Coding,Q8WZ42,61,GC02M178525,52.84492111,https://www.genecards.org/cgi-bin/carddisp.pl?gene=TTN
GLA,Galactosidase Alpha,Protein Coding,P06280,62,GC0XM101393,52.50006104,https://www.genecards.org/cgi-bin/carddisp.pl?gene=GLA
MGAM,Maltase-Glucoamylase,Protein Coding,O43451,57,GC07P167658,52.48324585,https://www.genecards.org/cgi-bin/carddisp.pl?gene=MGAM
LEP,Leptin,Protein Coding,P41159,59,GC07P128241,52.2255249,https://www.genecards.org/cgi-bin/carddisp.pl?gene=LEP
HFE,Homeostatic Iron Regulator,Protein Coding,Q30201,58,GC06P026087,51.52878571,https://www.genecards.org/cgi-bin/carddisp.pl?gene=HFE
CXCL8,C-X-C Motif Chemokine Ligand 8,Protein Coding,P10145,57,GC04P073740,51.48363113,https://www.genecards.org/cgi-bin/carddisp.pl?gene=CXCL8
F2,"Coagulation Factor II, Thrombin",Protein Coding,P00734,63,GC11P049059,50.76127625,https://www.genecards.org/cgi-bin/carddisp.pl?gene=F2
IGF2,Insulin Like Growth Factor 2,Protein Coding,P01344,61,GC11M015123,50.61779785,https://www.genecards.org/cgi-bin/carddisp.pl?gene=IGF2
NPC1,NPC Intracellular Cholesterol Transporter 1,Protein Coding,O15118,62,GC18M023506,50.1810379,https://www.genecards.org/cgi-bin/carddisp.pl?gene=NPC1
CTSD,Cathepsin D,Protein Coding,P07339,65,GC11M001752,49.85822296,https://www.genecards.org/cgi-bin/carddisp.pl?gene=CTSD
NGF,Nerve Growth Factor,Protein Coding,P01138,64,GC01M115285,49.59107971,https://www.genecards.org/cgi-bin/carddisp.pl?gene=NGF
CD4,CD4 Molecule,Protein Coding,P01730,63,GC12P006786,49.30867386,https://www.genecards.org/cgi-bin/carddisp.pl?gene=CD4
SMPD1,Sphingomyelin Phosphodiesterase 1,Protein Coding,P17405,61,GC11P006390,47.69137573,https://www.genecards.org/cgi-bin/carddisp.pl?gene=SMPD1
SCN5A,Sodium Voltage-Gated Channel Alpha Subunit 5,Protein Coding,Q14524,63,GC03M038850,47.64452744,https://www.genecards.org/cgi-bin/carddisp.pl?gene=SCN5A
PSAP,Prosaposin,Protein Coding,P07602,61,GC10M071816,47.07746887,https://www.genecards.org/cgi-bin/carddisp.pl?gene=PSAP
FKRP,Fukutin Related Protein,Protein Coding,Q9H9S5,51,GC19P152743,46.55182648,https://www.genecards.org/cgi-bin/carddisp.pl?gene=FKRP
TYR,Tyrosinase,Protein Coding,P14679,61,GC11P089177,46.50653458,https://www.genecards.org/cgi-bin/carddisp.pl?gene=TYR
COG2,Component Of Oligomeric Golgi Complex 2,Protein Coding,Q14746,51,GC01P230642,46.25865173,https://www.genecards.org/cgi-bin/carddisp.pl?gene=COG2
CRP,C-Reactive Protein,Protein Coding,P02741,58,GC01M167583,46.19827271,https://www.genecards.org/cgi-bin/carddisp.pl?gene=CRP
GANAB,Glucosidase II Alpha Subunit,Protein Coding,Q14697,58,GC11M139658,46.07095718,https://www.genecards.org/cgi-bin/carddisp.pl?gene=GANAB
IDUA,Alpha-L-Iduronidase,Protein Coding,P35475,58,GC04P000986,45.92038727,https://www.genecards.org/cgi-bin/carddisp.pl?gene=IDUA
CPT2,Carnitine Palmitoyltransferase 2,Protein Coding,P23786,62,GC01P053196,45.91849136,https://www.genecards.org/cgi-bin/carddisp.pl?gene=CPT2
B2M,Beta-2-Microglobulin,Protein Coding,P61769,62,GC15P044711,45.78339386,https://www.genecards.org/cgi-bin/carddisp.pl?gene=B2M
CAPN3,Calpain 3,Protein Coding,P20807,61,GC15P042359,45.51996613,https://www.genecards.org/cgi-bin/carddisp.pl?gene=CAPN3
DHFR,Dihydrofolate Reductase,Protein Coding,P00374,61,GC05M080626,45.24676514,https://www.genecards.org/cgi-bin/carddisp.pl?gene=DHFR
SLC17A5,Solute Carrier Family 17 Member 5,Protein Coding,Q9NRA2,58,GC06M073593,45.08563614,https://www.genecards.org/cgi-bin/carddisp.pl?gene=SLC17A5
LPL,Lipoprotein Lipase,Protein Coding,P06858,63,GC08P019901,44.78245163,https://www.genecards.org/cgi-bin/carddisp.pl?gene=LPL
NAGLU,N-Acetyl-Alpha-Glucosaminidase,Protein Coding,P54802,58,GC17P154848,44.721241,https://www.genecards.org/cgi-bin/carddisp.pl?gene=NAGLU
TGFB2,Transforming Growth Factor Beta 2,Protein Coding,P61812,64,GC01P218345,44.63332367,https://www.genecards.org/cgi-bin/carddisp.pl?gene=TGFB2
CAV3,Caveolin 3,Protein Coding,P56539,57,GC03P008733,44.53538895,https://www.genecards.org/cgi-bin/carddisp.pl?gene=CAV3
DES,Desmin,Protein Coding,P17661,61,GC02P219418,44.43176651,https://www.genecards.org/cgi-bin/carddisp.pl?gene=DES
GALC,Galactosylceramidase,Protein Coding,P54803,58,GC14M087837,44.21497345,https://www.genecards.org/cgi-bin/carddisp.pl?gene=GALC
TF,Transferrin,Protein Coding,P02787,64,GC03P143239,44.17391968,https://www.genecards.org/cgi-bin/carddisp.pl?gene=TF
RAC1,Rac Family Small GTPase 1,Protein Coding,P63000,62,GC07P019033,44.05321121,https://www.genecards.org/cgi-bin/carddisp.pl?gene=RAC1
GUSB,Glucuronidase Beta,Protein Coding,P08236,62,GC07M065960,43.84906387,https://www.genecards.org/cgi-bin/carddisp.pl?gene=GUSB
TYMP,Thymidine Phosphorylase,Protein Coding,P19971,60,GC22M050525,43.72396851,https://www.genecards.org/cgi-bin/carddisp.pl?gene=TYMP
HLA-A,"Major Histocompatibility Complex, Class I, A",Protein Coding,P04439,59,GC06P181854,43.61725235,https://www.genecards.org/cgi-bin/carddisp.pl?gene=HLA-A
ICAM1,Intercellular Adhesion Molecule 1,Protein Coding,P05362,63,GC19P151796,43.23878098,https://www.genecards.org/cgi-bin/carddisp.pl?gene=ICAM1
ELANE,"Elastase, Neutrophil Expressed",Protein Coding,P08246,64,GC19P151362,42.95086288,https://www.genecards.org/cgi-bin/carddisp.pl?gene=ELANE
HSPD1,Heat Shock Protein Family D (Hsp60) Member 1,Protein Coding,P10809,61,GC02M197486,42.84689713,https://www.genecards.org/cgi-bin/carddisp.pl?gene=HSPD1
CYP19A1,Cytochrome P450 Family 19 Subfamily A Member 1,Protein Coding,P11511,61,GC15M051208,42.58873749,https://www.genecards.org/cgi-bin/carddisp.pl?gene=CYP19A1
GNE,Glucosamine (UDP-N-Acetyl)-2-Epimerase/N-Acetylmannosamine Kinase,Protein Coding,Q9Y223,55,GC09M036214,42.58526993,https://www.genecards.org/cgi-bin/carddisp.pl?gene=GNE
G6PD,Glucose-6-Phosphate Dehydrogenase,Protein Coding,P11413,62,GC0XM154625,42.55391693,https://www.genecards.org/cgi-bin/carddisp.pl?gene=G6PD
MYBPC3,Myosin Binding Protein C3,Protein Coding,Q14896,60,GC11M139452,42.44408798,https://www.genecards.org/cgi-bin/carddisp.pl?gene=MYBPC3
HSP90AA1,Heat Shock Protein 90 Alpha Family Class A Member 1,Protein Coding,P07900,64,GC14M102080,42.31290817,https://www.genecards.org/cgi-bin/carddisp.pl?gene=HSP90AA1
PTPRC,Protein Tyrosine Phosphatase Receptor Type C,Protein Coding,P08575,65,GC01P198607,42.05181122,https://www.genecards.org/cgi-bin/carddisp.pl?gene=PTPRC
HSPB1,Heat Shock Protein Family B (Small) Member 1,Protein Coding,P04792,65,GC07P076302,41.78069305,https://www.genecards.org/cgi-bin/carddisp.pl?gene=HSPB1
CCDC40,Coiled-Coil Domain 40 Molecular Ruler Complex Subunit,Protein Coding,Q4G0X9,48,GC17P155731,41.74141693,https://www.genecards.org/cgi-bin/carddisp.pl?gene=CCDC40
NPC2,NPC Intracellular Cholesterol Transporter 2,Protein Coding,P61916,56,GC14M074476,41.28574753,https://www.genecards.org/cgi-bin/carddisp.pl?gene=NPC2
MIR7-3HG,MIR7-3 Host Gene,RNA Gene,Q8N6C7,34,GC19P151538,41.26599884,https://www.genecards.org/cgi-bin/carddisp.pl?gene=MIR7-3HG
B4GALT1,"Beta-1,4-Galactosyltransferase 1",Protein Coding,P15291,59,GC09M033100,41.24557877,https://www.genecards.org/cgi-bin/carddisp.pl?gene=B4GALT1
MT-CYB,Mitochondrially Encoded Cytochrome B,Protein Coding,P00156,45,GCMTP014749,41.19399643,https://www.genecards.org/cgi-bin/carddisp.pl?gene=MT-CYB
FLNC,Filamin C,Protein Coding,Q14315,57,GC07P128830,41.18391418,https://www.genecards.org/cgi-bin/carddisp.pl?gene=FLNC
AIFM1,Apoptosis Inducing Factor Mitochondria Associated 1,Protein Coding,O95831,63,GC0XM130129,41.12219238,https://www.genecards.org/cgi-bin/carddisp.pl?gene=AIFM1
LRP5,LDL Receptor Related Protein 5,Protein Coding,O75197,62,GC11P068298,40.87247086,https://www.genecards.org/cgi-bin/carddisp.pl?gene=LRP5
ACTC1,Actin Alpha Cardiac Muscle 1,Protein Coding,P68032,58,GC15M034790,40.82305908,https://www.genecards.org/cgi-bin/carddisp.pl?gene=ACTC1
FGF2,Fibroblast Growth Factor 2,Protein Coding,P09038,59,GC04P122826,40.75144958,https://www.genecards.org/cgi-bin/carddisp.pl?gene=FGF2
ADIPOQ,"Adiponectin, C1Q And Collagen Domain Containing",Protein Coding,Q15848,59,GC03P186842,40.52109528,https://www.genecards.org/cgi-bin/carddisp.pl?gene=ADIPOQ
GNPTAB,N-Acetylglucosamine-1-Phosphate Transferase Subunits Alpha And Beta,Protein Coding,Q3T906,54,GC12M101745,40.19981384,https://www.genecards.org/cgi-bin/carddisp.pl?gene=GNPTAB
LRRK2,Leucine Rich Repeat Kinase 2,Protein Coding,Q5S007,62,GC12P040196,40.17580414,https://www.genecards.org/cgi-bin/carddisp.pl?gene=LRRK2
CALR,Calreticulin,Protein Coding,P27797,64,GC19P012938,40.0149231,https://www.genecards.org/cgi-bin/carddisp.pl?gene=CALR
HYAL1,Hyaluronidase 1,Protein Coding,Q12794,60,GC03M050299,39.86516953,https://www.genecards.org/cgi-bin/carddisp.pl?gene=HYAL1
RYR2,Ryanodine Receptor 2,Protein Coding,Q92736,60,GC01P237042,39.84897614,https://www.genecards.org/cgi-bin/carddisp.pl?gene=RYR2
MGAT2,"Alpha-1,6-Mannosyl-Glycoprotein 2-Beta-N-Acetylglucosaminyltransferase",Protein Coding,Q10469,56,GC14P049620,39.83651352,https://www.genecards.org/cgi-bin/carddisp.pl?gene=MGAT2
GAPDH,Glyceraldehyde-3-Phosphate Dehydrogenase,Protein Coding,P04406,64,GC12P074057,39.78894043,https://www.genecards.org/cgi-bin/carddisp.pl?gene=GAPDH
IGF2R,Insulin Like Growth Factor 2 Receptor,Protein Coding,P11717,60,GC06P159969,39.71367645,https://www.genecards.org/cgi-bin/carddisp.pl?gene=IGF2R
TPP1,Tripeptidyl Peptidase 1,Protein Coding,O14773,59,GC11M015315,39.52482986,https://www.genecards.org/cgi-bin/carddisp.pl?gene=TPP1
THBD,Thrombomodulin,Protein Coding,P07204,58,GC20M023026,39.39511108,https://www.genecards.org/cgi-bin/carddisp.pl?gene=THBD
HEXA,Hexosaminidase Subunit Alpha,Protein Coding,P06865,60,GC15M072340,39.04495239,https://www.genecards.org/cgi-bin/carddisp.pl?gene=HEXA
AGL,"Amylo-Alpha-1,6-Glucosidase And 4-Alpha-Glucanotransferase",Protein Coding,P35573,58,GC01P099850,38.9964447,https://www.genecards.org/cgi-bin/carddisp.pl?gene=AGL
TNNT2,"Troponin T2, Cardiac Type",Protein Coding,P45379,61,GC01M201359,38.98456955,https://www.genecards.org/cgi-bin/carddisp.pl?gene=TNNT2
FIG4,FIG4 Phosphoinositide 5-Phosphatase,Protein Coding,Q92562,56,GC06P182745,38.90260696,https://www.genecards.org/cgi-bin/carddisp.pl?gene=FIG4
DNAH8,Dynein Axonemal Heavy Chain 8,Protein Coding,Q96JB1,50,GC06P182037,38.71591187,https://www.genecards.org/cgi-bin/carddisp.pl?gene=DNAH8
FUCA1,Alpha-L-Fucosidase 1,Protein Coding,P04066,61,GC01M023845,38.58146667,https://www.genecards.org/cgi-bin/carddisp.pl?gene=FUCA1
IL1A,Interleukin 1 Alpha,Protein Coding,P01583,58,GC02M112773,38.44721603,https://www.genecards.org/cgi-bin/carddisp.pl?gene=IL1A
HGF,Hepatocyte Growth Factor,Protein Coding,P14210,65,GC07M081699,38.39414597,https://www.genecards.org/cgi-bin/carddisp.pl?gene=HGF
RPS27A,Ribosomal Protein S27a,Protein Coding,P62979,55,GC02P055231,37.96197891,https://www.genecards.org/cgi-bin/carddisp.pl?gene=RPS27A
C3,Complement C3,Protein Coding,P01024,62,GC19M006677,37.9562912,https://www.genecards.org/cgi-bin/carddisp.pl?gene=C3
FKTN,Fukutin,Protein Coding,O75072,52,GC09P105558,37.57277679,https://www.genecards.org/cgi-bin/carddisp.pl?gene=FKTN
STIM1,Stromal Interaction Molecule 1,Protein Coding,Q13586,62,GC11P020398,37.24004364,https://www.genecards.org/cgi-bin/carddisp.pl?gene=STIM1
CAT,Catalase,Protein Coding,P04040,64,GC11P034460,37.21639252,https://www.genecards.org/cgi-bin/carddisp.pl?gene=CAT
MAN1B1,Mannosidase Alpha Class 1B Member 1,Protein Coding,Q9UKM7,60,GC09P137086,36.80600357,https://www.genecards.org/cgi-bin/carddisp.pl?gene=MAN1B1
MCOLN1,Mucolipin TRP Cation Channel 1,Protein Coding,Q9GZU1,56,GC19P151636,36.75392914,https://www.genecards.org/cgi-bin/carddisp.pl?gene=MCOLN1
PKD1,"Polycystin 1, Transient Receptor Potential Channel Interacting",Protein Coding,P98161,58,GC16M049832,36.54418564,https://www.genecards.org/cgi-bin/carddisp.pl?gene=PKD1
BAG3,BAG Cochaperone 3,Protein Coding,O95817,55,GC10P119651,36.34264755,https://www.genecards.org/cgi-bin/carddisp.pl?gene=BAG3
HNRNPA2B1,Heterogeneous Nuclear Ribonucleoprotein A2/B1,Protein Coding,P22626,60,GC07M026174,36.31881714,https://www.genecards.org/cgi-bin/carddisp.pl?gene=HNRNPA2B1
FHL1,Four And A Half LIM Domains 1,Protein Coding,Q13642,58,GC0XP136146,36.31040192,https://www.genecards.org/cgi-bin/carddisp.pl?gene=FHL1
SGCA,Sarcoglycan Alpha,Protein Coding,Q16586,54,GC17P050164,35.7804718,https://www.genecards.org/cgi-bin/carddisp.pl?gene=SGCA
GLUD1,Glutamate Dehydrogenase 1,Protein Coding,P00367,64,GC10M087050,35.77647018,https://www.genecards.org/cgi-bin/carddisp.pl?gene=GLUD1
TPM1,Tropomyosin 1,Protein Coding,P09493,61,GC15P200889,35.59665298,https://www.genecards.org/cgi-bin/carddisp.pl?gene=TPM1
CPT1A,Carnitine Palmitoyltransferase 1A,Protein Coding,P50416,61,GC11M068754,35.58413696,https://www.genecards.org/cgi-bin/carddisp.pl?gene=CPT1A
SGSH,N-Sulfoglucosamine Sulfohydrolase,Protein Coding,P51688,60,GC17M098179,35.47888184,https://www.genecards.org/cgi-bin/carddisp.pl?gene=SGSH
MYL2,Myosin Light Chain 2,Protein Coding,P10916,61,GC12M111995,35.40320206,https://www.genecards.org/cgi-bin/carddisp.pl?gene=MYL2
ANO5,Anoctamin 5,Protein Coding,Q75V66,50,GC11P021802,35.39259338,https://www.genecards.org/cgi-bin/carddisp.pl?gene=ANO5
ABCB7,ATP Binding Cassette Subfamily B Member 7,Protein Coding,O75027,57,GC0XM075053,35.36818695,https://www.genecards.org/cgi-bin/carddisp.pl?gene=ABCB7
GFPT1,Glutamine--Fructose-6-Phosphate Transaminase 1,Protein Coding,Q06210,60,GC02M069319,35.36646271,https://www.genecards.org/cgi-bin/carddisp.pl?gene=GFPT1
CUL4B,Cullin 4B,Protein Coding,Q13620,55,GC0XM120526,35.31603622,https://www.genecards.org/cgi-bin/carddisp.pl?gene=CUL4B
NEB,Nebulin,Protein Coding,P20929,51,GC02M151485,35.2125206,https://www.genecards.org/cgi-bin/carddisp.pl?gene=NEB
GBE1,"1,4-Alpha-Glucan Branching Enzyme 1",Protein Coding,Q04446,57,GC03M081489,34.96479034,https://www.genecards.org/cgi-bin/carddisp.pl?gene=GBE1
RASA2,RAS P21 Protein Activator 2,Protein Coding,Q15283,51,GC03P141487,34.95571136,https://www.genecards.org/cgi-bin/carddisp.pl?gene=RASA2
G6PC1,Glucose-6-Phosphatase Catalytic Subunit 1,Protein Coding,P35575,56,GC17P156244,34.75643539,https://www.genecards.org/cgi-bin/carddisp.pl?gene=G6PC1
F8,Coagulation Factor VIII,Protein Coding,P00451,61,GC0XM154835,34.64233398,https://www.genecards.org/cgi-bin/carddisp.pl?gene=F8
IFNA1,Interferon Alpha 1,Protein Coding,P01562,51,GC09P021955,34.60303116,https://www.genecards.org/cgi-bin/carddisp.pl?gene=IFNA1
PYGM,"Glycogen Phosphorylase, Muscle Associated",Protein Coding,P11217,60,GC11M064746,34.59941101,https://www.genecards.org/cgi-bin/carddisp.pl?gene=PYGM
CSF2,Colony Stimulating Factor 2,Protein Coding,P04141,58,GC05P132073,34.57885742,https://www.genecards.org/cgi-bin/carddisp.pl?gene=CSF2
HSPA5,Heat Shock Protein Family A (Hsp70) Member 5,Protein Coding,P11021,61,GC09M125234,34.47803497,https://www.genecards.org/cgi-bin/carddisp.pl?gene=HSPA5
PRKCSH,PRKCSH Beta Subunit Of Glucosidase II,Protein Coding,P14314,57,GC19P011435,34.14019775,https://www.genecards.org/cgi-bin/carddisp.pl?gene=PRKCSH
PRL,Prolactin,Protein Coding,P01236,56,GC06M022287,34.01350784,https://www.genecards.org/cgi-bin/carddisp.pl?gene=PRL
CRYAB,Crystallin Alpha B,Protein Coding,P02511,59,GC11M111908,33.96524048,https://www.genecards.org/cgi-bin/carddisp.pl?gene=CRYAB
LMAN1,"Lectin, Mannose Binding 1",Protein Coding,P49257,58,GC18M059327,33.71657562,https://www.genecards.org/cgi-bin/carddisp.pl?gene=LMAN1
TNNI3,"Troponin I3, Cardiac Type",Protein Coding,P19429,61,GC19M055151,33.47957611,https://www.genecards.org/cgi-bin/carddisp.pl?gene=TNNI3
PKD2,"Polycystin 2, Transient Receptor Potential Cation Channel",Protein Coding,Q13563,61,GC04P088007,33.44179153,https://www.genecards.org/cgi-bin/carddisp.pl?gene=PKD2
POMGNT2,"Protein O-Linked Mannose N-Acetylglucosaminyltransferase 2 (Beta 1,4-)",Protein Coding,Q8NAT1,51,GC03M043121,33.30692673,https://www.genecards.org/cgi-bin/carddisp.pl?gene=POMGNT2
PPARA,Peroxisome Proliferator Activated Receptor Alpha,Protein Coding,Q07869,57,GC22P046150,33.27968597,https://www.genecards.org/cgi-bin/carddisp.pl?gene=PPARA
GCG,Glucagon,Protein Coding,P01275,55,GC02M162142,33.23344421,https://www.genecards.org/cgi-bin/carddisp.pl?gene=GCG
SLC3A1,Solute Carrier Family 3 Member 1,Protein Coding,Q07837,60,GC02P044275,33.02278137,https://www.genecards.org/cgi-bin/carddisp.pl?gene=SLC3A1
CTNS,"Cystinosin, Lysosomal Cystine Transporter",Protein Coding,O60931,57,GC17P003636,32.92316818,https://www.genecards.org/cgi-bin/carddisp.pl?gene=CTNS
LEPR,Leptin Receptor,Protein Coding,P48357,62,GC01P078814,32.87346649,https://www.genecards.org/cgi-bin/carddisp.pl?gene=LEPR
LIPC,"Lipase C, Hepatic Type",Protein Coding,P11150,59,GC15P058410,32.85432053,https://www.genecards.org/cgi-bin/carddisp.pl?gene=LIPC
HSPA8,Heat Shock Protein Family A (Hsp70) Member 8,Protein Coding,P11142,62,GC11M123057,32.59397125,https://www.genecards.org/cgi-bin/carddisp.pl?gene=HSPA8
MYH14,Myosin Heavy Chain 14,Protein Coding,Q7Z406,58,GC19P152909,32.52191925,https://www.genecards.org/cgi-bin/carddisp.pl?gene=MYH14
RRAS,RAS Related,Protein Coding,P10301,54,GC19M049635,32.18802643,https://www.genecards.org/cgi-bin/carddisp.pl?gene=RRAS
RARS1,Arginyl-TRNA Synthetase 1,Protein Coding,P54136,57,GC05P168487,32.16446686,https://www.genecards.org/cgi-bin/carddisp.pl?gene=RARS1
VCL,Vinculin,Protein Coding,P18206,60,GC10P073995,32.13576508,https://www.genecards.org/cgi-bin/carddisp.pl?gene=VCL
NPPB,Natriuretic Peptide B,Protein Coding,P16860,55,GC01M022466,31.95484543,https://www.genecards.org/cgi-bin/carddisp.pl?gene=NPPB
EZR,Ezrin,Protein Coding,P15311,59,GC06M158765,31.89058685,https://www.genecards.org/cgi-bin/carddisp.pl?gene=EZR
P4HB,Prolyl 4-Hydroxylase Subunit Beta,Protein Coding,P07237,62,GC17M081843,31.81206703,https://www.genecards.org/cgi-bin/carddisp.pl?gene=P4HB
PKP2,Plakophilin 2,Protein Coding,Q99959,56,GC12M032790,31.79930305,https://www.genecards.org/cgi-bin/carddisp.pl?gene=PKP2
SELENON,Selenoprotein N,Protein Coding,Q9NZV5,51,GC01P025800,31.6901989,https://www.genecards.org/cgi-bin/carddisp.pl?gene=SELENON
ANXA5,Annexin A5,Protein Coding,P08758,60,GC04M121667,31.59038734,https://www.genecards.org/cgi-bin/carddisp.pl?gene=ANXA5
GANC,"Glucosidase Alpha, Neutral C",Protein Coding,Q8TET4,48,GC15P042273,31.32701874,https://www.genecards.org/cgi-bin/carddisp.pl?gene=GANC
SRD5A2,Steroid 5 Alpha-Reductase 2,Protein Coding,P31213,55,GC02M031522,31.29449844,https://www.genecards.org/cgi-bin/carddisp.pl?gene=SRD5A2
NR1H2,Nuclear Receptor Subfamily 1 Group H Member 2,Protein Coding,P55055,59,GC19P050329,31.27374077,https://www.genecards.org/cgi-bin/carddisp.pl?gene=NR1H2
CTSB,Cathepsin B,Protein Coding,P07858,64,GC08M011842,31.22956657,https://www.genecards.org/cgi-bin/carddisp.pl?gene=CTSB
HSPA9,Heat Shock Protein Family A (Hsp70) Member 9,Protein Coding,P38646,61,GC05M138554,31.0896492,https://www.genecards.org/cgi-bin/carddisp.pl?gene=HSPA9
HULC,Hepatocellular Carcinoma Up-Regulated Long Non-Coding RNA,RNA Gene,,29,GC06P009612,31.03336334,https://www.genecards.org/cgi-bin/carddisp.pl?gene=HULC
EPG5,Ectopic P-Granules 5 Autophagy Tethering Factor,Protein Coding,Q9HCE0,51,GC18M045800,30.84832764,https://www.genecards.org/cgi-bin/carddisp.pl?gene=EPG5
FASN,Fatty Acid Synthase,Protein Coding,P49327,61,GC17M082078,30.36641884,https://www.genecards.org/cgi-bin/carddisp.pl?gene=FASN
CYP1A2,Cytochrome P450 Family 1 Subfamily A Member 2,Protein Coding,P05177,58,GC15P074748,30.34149742,https://www.genecards.org/cgi-bin/carddisp.pl?gene=CYP1A2
GPT,Glutamic--Pyruvic Transaminase,Protein Coding,P24298,55,GC08P144502,30.31079674,https://www.genecards.org/cgi-bin/carddisp.pl?gene=GPT
HSPA4,Heat Shock Protein Family A (Hsp70) Member 4,Protein Coding,P34932,55,GC05P133132,30.29270935,https://www.genecards.org/cgi-bin/carddisp.pl?gene=HSPA4
CDKN3,Cyclin Dependent Kinase Inhibitor 3,Protein Coding,Q16667,54,GC14P058243,30.20727348,https://www.genecards.org/cgi-bin/carddisp.pl?gene=CDKN3
ACTN2,Actinin Alpha 2,Protein Coding,P35609,60,GC01P236686,29.97392654,https://www.genecards.org/cgi-bin/carddisp.pl?gene=ACTN2
FTH1,Ferritin Heavy Chain 1,Protein Coding,P02794,63,GC11M061959,29.8775425,https://www.genecards.org/cgi-bin/carddisp.pl?gene=FTH1
TCAP,Titin-Cap,Protein Coding,O15273,54,GC17P154753,29.68632889,https://www.genecards.org/cgi-bin/carddisp.pl?gene=TCAP
PIK3C2A,Phosphatidylinositol-4-Phosphate 3-Kinase Catalytic Subunit Type 2 Alpha,Protein Coding,O00443,60,GC11M018151,29.56920242,https://www.genecards.org/cgi-bin/carddisp.pl?gene=PIK3C2A
VCAM1,Vascular Cell Adhesion Molecule 1,Protein Coding,P19320,58,GC01P100719,29.56677437,https://www.genecards.org/cgi-bin/carddisp.pl?gene=VCAM1
MBL2,Mannose Binding Lectin 2,Protein Coding,P11226,60,GC10M052760,29.53077888,https://www.genecards.org/cgi-bin/carddisp.pl?gene=MBL2
TMEM43,Transmembrane Protein 43,Protein Coding,Q9BTV4,55,GC03P027096,29.44246864,https://www.genecards.org/cgi-bin/carddisp.pl?gene=TMEM43
FUT8,Fucosyltransferase 8,Protein Coding,Q9BYC5,56,GC14P065356,29.42712593,https://www.genecards.org/cgi-bin/carddisp.pl?gene=FUT8
NAGA,Alpha-N-Acetylgalactosaminidase,Protein Coding,P17050,58,GC22M042058,29.34449387,https://www.genecards.org/cgi-bin/carddisp.pl?gene=NAGA
GGT1,Gamma-Glutamyltransferase 1,Protein Coding,P19440,62,GC22P024583,29.27184296,https://www.genecards.org/cgi-bin/carddisp.pl?gene=GGT1
GYS1,Glycogen Synthase 1,Protein Coding,P13807,62,GC19M109023,29.03079224,https://www.genecards.org/cgi-bin/carddisp.pl?gene=GYS1
M6PR,"Mannose-6-Phosphate Receptor, Cation Dependent",Protein Coding,P20645,56,GC12M035768,28.86933136,https://www.genecards.org/cgi-bin/carddisp.pl?gene=M6PR
SLC2A4,Solute Carrier Family 2 Member 4,Protein Coding,P14672,60,GC17P153733,28.7447052,https://www.genecards.org/cgi-bin/carddisp.pl?gene=SLC2A4
CTSC,Cathepsin C,Protein Coding,P53634,60,GC11M140263,28.70554924,https://www.genecards.org/cgi-bin/carddisp.pl?gene=CTSC
ATG5,Autophagy Related 5,Protein Coding,Q9H1Y0,58,GC06M106045,28.70158577,https://www.genecards.org/cgi-bin/carddisp.pl?gene=ATG5
BECN1,Beclin 1,Protein Coding,Q14457,59,GC17M042810,28.57837486,https://www.genecards.org/cgi-bin/carddisp.pl?gene=BECN1
MYO6,Myosin VI,Protein Coding,Q9UM54,56,GC06P075749,28.54299164,https://www.genecards.org/cgi-bin/carddisp.pl?gene=MYO6
LTF,Lactotransferrin,Protein Coding,P02788,58,GC03M046435,28.44659615,https://www.genecards.org/cgi-bin/carddisp.pl?gene=LTF
MAN2C1,Mannosidase Alpha Class 2C Member 1,Protein Coding,Q9NTJ4,50,GC15M075355,28.30866814,https://www.genecards.org/cgi-bin/carddisp.pl?gene=MAN2C1
TAP1,"Transporter 1, ATP Binding Cassette Subfamily B Member",Protein Coding,Q03518,61,GC06M106547,28.18372345,https://www.genecards.org/cgi-bin/carddisp.pl?gene=TAP1
MANBA,Mannosidase Beta,Protein Coding,O00462,55,GC04M102631,28.11247826,https://www.genecards.org/cgi-bin/carddisp.pl?gene=MANBA
IL1R1,Interleukin 1 Receptor Type 1,Protein Coding,P14778,60,GC02P102136,28.06113815,https://www.genecards.org/cgi-bin/carddisp.pl?gene=IL1R1
KLK3,Kallikrein Related Peptidase 3,Protein Coding,P07288,60,GC19P050854,27.91913605,https://www.genecards.org/cgi-bin/carddisp.pl?gene=KLK3
SLC9A6,Solute Carrier Family 9 Member A6,Protein Coding,Q92581,58,GC0XP135985,27.85592842,https://www.genecards.org/cgi-bin/carddisp.pl?gene=SLC9A6
CKB,Creatine Kinase B,Protein Coding,P12277,57,GC14M103519,27.83826447,https://www.genecards.org/cgi-bin/carddisp.pl?gene=CKB
PTPN1,Protein Tyrosine Phosphatase Non-Receptor Type 1,Protein Coding,P18031,62,GC20P050510,27.784935,https://www.genecards.org/cgi-bin/carddisp.pl?gene=PTPN1
SPTB,"Spectrin Beta, Erythrocytic",Protein Coding,P11277,54,GC14M064746,27.68494606,https://www.genecards.org/cgi-bin/carddisp.pl?gene=SPTB
FECH,Ferrochelatase,Protein Coding,P22830,60,GC18M057544,27.5901432,https://www.genecards.org/cgi-bin/carddisp.pl?gene=FECH
PHKA2,Phosphorylase Kinase Regulatory Subunit Alpha 2,Protein Coding,P46019,56,GC0XM018892,27.58826447,https://www.genecards.org/cgi-bin/carddisp.pl?gene=PHKA2
PDP1,Pyruvate Dehydrogenase Phosphatase Catalytic Subunit 1,Protein Coding,Q9P0J1,60,GC08P093857,27.508955,https://www.genecards.org/cgi-bin/carddisp.pl?gene=PDP1
GBA2,Glucosylceramidase Beta 2,Protein Coding,Q9HCG7,53,GC09M035736,27.48019791,https://www.genecards.org/cgi-bin/carddisp.pl?gene=GBA2
HES1,Hes Family BHLH Transcription Factor 1,Protein Coding,Q14469,57,GC03P194136,27.14944839,https://www.genecards.org/cgi-bin/carddisp.pl?gene=HES1
HLA-G,"Major Histocompatibility Complex, Class I, G",Protein Coding,P17693,57,GC06P181845,27.04979515,https://www.genecards.org/cgi-bin/carddisp.pl?gene=HLA-G
PODXL,Podocalyxin Like,Protein Coding,O00592,55,GC07M131500,27.04550743,https://www.genecards.org/cgi-bin/carddisp.pl?gene=PODXL
SNX14,Sorting Nexin 14,Protein Coding,Q9Y5W7,50,GC06M107945,27.02173233,https://www.genecards.org/cgi-bin/carddisp.pl?gene=SNX14
CANX,Calnexin,Protein Coding,P27824,58,GC05P179678,26.99373245,https://www.genecards.org/cgi-bin/carddisp.pl?gene=CANX
HSPB8,Heat Shock Protein Family B (Small) Member 8,Protein Coding,Q9UJY1,57,GC12P119173,26.94032097,https://www.genecards.org/cgi-bin/carddisp.pl?gene=HSPB8
DPP4,Dipeptidyl Peptidase 4,Protein Coding,P27487,62,GC02M161992,26.86210251,https://www.genecards.org/cgi-bin/carddisp.pl?gene=DPP4
RECK,Reversion Inducing Cysteine Rich Protein With Kazal Motifs,Protein Coding,O95980,52,GC09P036036,26.7689209,https://www.genecards.org/cgi-bin/carddisp.pl?gene=RECK
SHBG,Sex Hormone Binding Globulin,Protein Coding,P04278,55,GC17P007613,26.65196609,https://www.genecards.org/cgi-bin/carddisp.pl?gene=SHBG
SPTA1,"Spectrin Alpha, Erythrocytic 1",Protein Coding,P02549,57,GC01M158610,26.57953835,https://www.genecards.org/cgi-bin/carddisp.pl?gene=SPTA1
BACE1,Beta-Secretase 1,Protein Coding,P56817,60,GC11M117285,26.57754898,https://www.genecards.org/cgi-bin/carddisp.pl?gene=BACE1
TTN-AS1,TTN Antisense RNA 1,RNA Gene,,26,GC02P178521,26.50077248,https://www.genecards.org/cgi-bin/carddisp.pl?gene=TTN-AS1
VMA12,Vacuolar ATPase Assembly Factor VMA12,Protein Coding,Q8N511,45,GC17P154279,26.2289257,https://www.genecards.org/cgi-bin/carddisp.pl?gene=VMA12
VMA22,Vacuolar ATPase Assembly Factor VMA22,Protein Coding,Q96NT0,47,GC02M138316,26.08167458,https://www.genecards.org/cgi-bin/carddisp.pl?gene=VMA22
CYP2E1,Cytochrome P450 Family 2 Subfamily E Member 1,Protein Coding,P05181,58,GC10P133520,26.08075905,https://www.genecards.org/cgi-bin/carddisp.pl?gene=CYP2E1
MB,Myoglobin,Protein Coding,P02144,58,GC22M035606,26.06549644,https://www.genecards.org/cgi-bin/carddisp.pl?gene=MB
MYL3,Myosin Light Chain 3,Protein Coding,P08590,59,GC03M046836,25.82030106,https://www.genecards.org/cgi-bin/carddisp.pl?gene=MYL3
ACACA,Acetyl-CoA Carboxylase Alpha,Protein Coding,Q13085,62,GC17M037084,25.71881676,https://www.genecards.org/cgi-bin/carddisp.pl?gene=ACACA
TFEB,Transcription Factor EB,Protein Coding,P19484,55,GC06M106693,25.62782669,https://www.genecards.org/cgi-bin/carddisp.pl?gene=TFEB
PCSK1,Proprotein Convertase Subtilisin/Kexin Type 1,Protein Coding,P29120,62,GC05M096391,25.43761635,https://www.genecards.org/cgi-bin/carddisp.pl?gene=PCSK1
CKM,"Creatine Kinase, M-Type",Protein Coding,P06732,58,GC19M045306,25.42990875,https://www.genecards.org/cgi-bin/carddisp.pl?gene=CKM
ATG7,Autophagy Related 7,Protein Coding,O95352,55,GC03P027034,25.27306747,https://www.genecards.org/cgi-bin/carddisp.pl?gene=ATG7
LAMP1,Lysosomal Associated Membrane Protein 1,Protein Coding,P11279,57,GC13P113297,25.11329079,https://www.genecards.org/cgi-bin/carddisp.pl?gene=LAMP1
CCK,Cholecystokinin,Protein Coding,P06307,56,GC03M042274,25.10786057,https://www.genecards.org/cgi-bin/carddisp.pl?gene=CCK
SEC63,"SEC63 Homolog, Protein Translocation Regulator",Protein Coding,Q9UGP8,55,GC06M107867,24.92518044,https://www.genecards.org/cgi-bin/carddisp.pl?gene=SEC63
SLC5A1,Solute Carrier Family 5 Member 1,Protein Coding,P13866,60,GC22P032043,24.87176704,https://www.genecards.org/cgi-bin/carddisp.pl?gene=SLC5A1
PGR-AS1,PGR Antisense RNA 1,RNA Gene,,20,GC11P108894,24.80096245,https://www.genecards.org/cgi-bin/carddisp.pl?gene=PGR-AS1
CHKA,Choline Kinase Alpha,Protein Coding,P35790,57,GC11M068052,24.74108124,https://www.genecards.org/cgi-bin/carddisp.pl?gene=CHKA
ITGAL,Integrin Subunit Alpha L,Protein Coding,P20701,60,GC16P030472,24.50120735,https://www.genecards.org/cgi-bin/carddisp.pl?gene=ITGAL
TNNC1,"Troponin C1, Slow Skeletal And Cardiac Type",Protein Coding,P63316,54,GC03M054894,24.2246933,https://www.genecards.org/cgi-bin/carddisp.pl?gene=TNNC1
H6PD,Hexose-6-Phosphate Dehydrogenase/Glucose 1-Dehydrogenase,Protein Coding,O95479,56,GC01P009234,24.18081856,https://www.genecards.org/cgi-bin/carddisp.pl?gene=H6PD
GYG1,Glycogenin 1,Protein Coding,P46976,58,GC03P148991,24.1179142,https://www.genecards.org/cgi-bin/carddisp.pl?gene=GYG1
ST3GAL3,"ST3 Beta-Galactoside Alpha-2,3-Sialyltransferase 3",Protein Coding,Q11203,58,GC01P043705,24.09547043,https://www.genecards.org/cgi-bin/carddisp.pl?gene=ST3GAL3
ATP4A,ATPase H+/K+ Transporting Subunit Alpha,Protein Coding,P20648,54,GC19M109447,24.05568886,https://www.genecards.org/cgi-bin/carddisp.pl?gene=ATP4A
STX3,Syntaxin 3,Protein Coding,Q13277,54,GC11P059713,23.97376633,https://www.genecards.org/cgi-bin/carddisp.pl?gene=STX3
IAPP,Islet Amyloid Polypeptide,Protein Coding,P10997,54,GC12P021354,23.88759995,https://www.genecards.org/cgi-bin/carddisp.pl?gene=IAPP
PHKB,Phosphorylase Kinase Regulatory Subunit Beta,Protein Coding,Q93100,55,GC16P121372,23.81382179,https://www.genecards.org/cgi-bin/carddisp.pl?gene=PHKB
RB1CC1,RB1 Inducible Coiled-Coil 1,Protein Coding,Q8TDY2,56,GC08M052622,23.65607643,https://www.genecards.org/cgi-bin/carddisp.pl?gene=RB1CC1
ANPEP,"Alanyl Aminopeptidase, Membrane",Protein Coding,P15144,62,GC15M089784,23.55339622,https://www.genecards.org/cgi-bin/carddisp.pl?gene=ANPEP
SLC3A2,Solute Carrier Family 3 Member 2,Protein Coding,P08195,56,GC11P062856,23.2511425,https://www.genecards.org/cgi-bin/carddisp.pl?gene=SLC3A2
VIPAS39,"VPS33B Interacting Protein, Apical-Basolateral Polarity Regulator, Spe-39 Homolog",Protein Coding,Q9H9C1,48,GC14M077426,23.19986534,https://www.genecards.org/cgi-bin/carddisp.pl?gene=VIPAS39
TSPO,Translocator Protein,Protein Coding,B1AH88,58,GC22P043151,22.9534626,https://www.genecards.org/cgi-bin/carddisp.pl?gene=TSPO
CTSH,Cathepsin H,Protein Coding,P09668,58,GC15M162922,22.88978004,https://www.genecards.org/cgi-bin/carddisp.pl?gene=CTSH
ULK1,Unc-51 Like Autophagy Activating Kinase 1,Protein Coding,O75385,57,GC12P131894,22.88974762,https://www.genecards.org/cgi-bin/carddisp.pl?gene=ULK1
PHKA1,Phosphorylase Kinase Regulatory Subunit Alpha 1,Protein Coding,P46020,54,GC0XM072578,22.60996246,https://www.genecards.org/cgi-bin/carddisp.pl?gene=PHKA1
UGDH,UDP-Glucose 6-Dehydrogenase,Protein Coding,O60701,58,GC04M039502,22.55182266,https://www.genecards.org/cgi-bin/carddisp.pl?gene=UGDH
MAP3K8,Mitogen-Activated Protein Kinase Kinase Kinase 8,Protein Coding,P41279,58,GC10P031237,22.47034264,https://www.genecards.org/cgi-bin/carddisp.pl?gene=MAP3K8
VMA21,Vacuolar ATPase Assembly Factor VMA21,Protein Coding,Q3ZAQ7,47,GC0XP151396,22.44760513,https://www.genecards.org/cgi-bin/carddisp.pl?gene=VMA21
PRKAA2,Protein Kinase AMP-Activated Catalytic Subunit Alpha 2,Protein Coding,P54646,61,GC01P056645,22.44380188,https://www.genecards.org/cgi-bin/carddisp.pl?gene=PRKAA2
SLC26A1,Solute Carrier Family 26 Member 1,Protein Coding,Q9H2B4,51,GC04M006254,22.42185593,https://www.genecards.org/cgi-bin/carddisp.pl?gene=SLC26A1
FURIN,"Furin, Paired Basic Amino Acid Cleaving Enzyme",Protein Coding,P09958,61,GC15P090868,22.41958809,https://www.genecards.org/cgi-bin/carddisp.pl?gene=FURIN
TAPBP,TAP Binding Protein,Protein Coding,O15533,55,GC06M033299,22.35256386,https://www.genecards.org/cgi-bin/carddisp.pl?gene=TAPBP
CTSL,Cathepsin L,Protein Coding,P07711,60,GC09P087725,22.34621048,https://www.genecards.org/cgi-bin/carddisp.pl?gene=CTSL
TRIM63,Tripartite Motif Containing 63,Protein Coding,Q969Q1,54,GC01M034728,22.26665115,https://www.genecards.org/cgi-bin/carddisp.pl?gene=TRIM63
RPL36A-HNRNPH2,RPL36A-HNRNPH2 Readthrough,Protein Coding,,25,GC0XP101423,22.25699997,https://www.genecards.org/cgi-bin/carddisp.pl?gene=RPL36A-HNRNPH2
ALPP,"Alkaline Phosphatase, Placental",Protein Coding,P05187,57,GC02P232378,22.10848618,https://www.genecards.org/cgi-bin/carddisp.pl?gene=ALPP
CSRP3,Cysteine And Glycine Rich Protein 3,Protein Coding,P50461,55,GC11M019160,21.97767448,https://www.genecards.org/cgi-bin/carddisp.pl?gene=CSRP3
CRYAA,Crystallin Alpha A,Protein Coding,P02489,57,GC21P043169,21.9531498,https://www.genecards.org/cgi-bin/carddisp.pl?gene=CRYAA
LCT,Lactase,Protein Coding,P09848,57,GC02M135787,21.88087463,https://www.genecards.org/cgi-bin/carddisp.pl?gene=LCT
PPIG,Peptidylprolyl Isomerase G,Protein Coding,Q13427,53,GC02P169584,21.53616714,https://www.genecards.org/cgi-bin/carddisp.pl?gene=PPIG
CKMT2,"Creatine Kinase, Mitochondrial 2",Protein Coding,P17540,54,GC05P081233,21.45034981,https://www.genecards.org/cgi-bin/carddisp.pl?gene=CKMT2
HSP90B1,Heat Shock Protein 90 Beta Family Member 1,Protein Coding,P14625,60,GC12P103930,21.12902069,https://www.genecards.org/cgi-bin/carddisp.pl?gene=HSP90B1
MTMR14,Myotubularin Related Protein 14,Protein Coding,Q8NCE2,55,GC03P009649,21.06110001,https://www.genecards.org/cgi-bin/carddisp.pl?gene=MTMR14
ITIH4,Inter-Alpha-Trypsin Inhibitor Heavy Chain 4,Protein Coding,Q14624,55,GC03M052812,21.04460907,https://www.genecards.org/cgi-bin/carddisp.pl?gene=ITIH4
ATG13,Autophagy Related 13,Protein Coding,O75143,52,GC11P049057,20.8657074,https://www.genecards.org/cgi-bin/carddisp.pl?gene=ATG13
AHSA1,Activator Of HSP90 ATPase Activity 1,Protein Coding,O95433,54,GC14P077457,20.68944931,https://www.genecards.org/cgi-bin/carddisp.pl?gene=AHSA1
LOC106627981,GBA Recombination Region,Functional Element,,11,GC01P155233,20.62158775,https://www.genecards.org/cgi-bin/carddisp.pl?gene=LOC106627981
ADAM9,ADAM Metallopeptidase Domain 9,Protein Coding,Q13443,61,GC08P038996,20.48088455,https://www.genecards.org/cgi-bin/carddisp.pl?gene=ADAM9
CD63,CD63 Molecule,Protein Coding,P08962,56,GC12M060362,20.39863777,https://www.genecards.org/cgi-bin/carddisp.pl?gene=CD63
CKMT1B,"Creatine Kinase, Mitochondrial 1B",Protein Coding,P12532,48,GC15P192950,20.37882423,https://www.genecards.org/cgi-bin/carddisp.pl?gene=CKMT1B
IL18R1,Interleukin 18 Receptor 1,Protein Coding,Q13478,56,GC02P102311,20.20495224,https://www.genecards.org/cgi-bin/carddisp.pl?gene=IL18R1
ATG16L1,Autophagy Related 16 Like 1,Protein Coding,Q676U5,55,GC02P235056,20.1362896,https://www.genecards.org/cgi-bin/carddisp.pl?gene=ATG16L1
GLP1R,Glucagon Like Peptide 1 Receptor,Protein Coding,P43220,60,GC06P039048,20.00973511,https://www.genecards.org/cgi-bin/carddisp.pl?gene=GLP1R
PCK2,"Phosphoenolpyruvate Carboxykinase 2, Mitochondrial",Protein Coding,Q16822,58,GC14P024094,19.93264771,https://www.genecards.org/cgi-bin/carddisp.pl?gene=PCK2
AKR1B1,Aldo-Keto Reductase Family 1 Member B,Protein Coding,P15121,59,GC07M134442,19.92217636,https://www.genecards.org/cgi-bin/carddisp.pl?gene=AKR1B1
UGCG,UDP-Glucose Ceramide Glucosyltransferase,Protein Coding,Q16739,57,GC09P111896,19.91868782,https://www.genecards.org/cgi-bin/carddisp.pl?gene=UGCG
CS,Citrate Synthase,Protein Coding,O75390,58,GC12M056271,19.90055084,https://www.genecards.org/cgi-bin/carddisp.pl?gene=CS
MYOZ2,Myozenin 2,Protein Coding,Q9NPC6,51,GC04P119135,19.84349823,https://www.genecards.org/cgi-bin/carddisp.pl?gene=MYOZ2
PYY,Peptide YY,Protein Coding,P10082,56,GC17M043952,19.7675209,https://www.genecards.org/cgi-bin/carddisp.pl?gene=PYY
TK1,Thymidine Kinase 1,Protein Coding,P04183,57,GC17M098135,19.63243484,https://www.genecards.org/cgi-bin/carddisp.pl?gene=TK1
MAPKAPK2,MAPK Activated Protein Kinase 2,Protein Coding,P49137,60,GC01P206684,19.4834671,https://www.genecards.org/cgi-bin/carddisp.pl?gene=MAPKAPK2
NTS,Neurotensin,Protein Coding,P30990,53,GC12P085876,19.44355583,https://www.genecards.org/cgi-bin/carddisp.pl?gene=NTS
TRA-TGC7-1,TRNA-Ala (Anticodon TGC) 7-1,RNA Gene,,14,GC06M106311,19.32185555,https://www.genecards.org/cgi-bin/carddisp.pl?gene=TRA-TGC7-1
SERPINA7,Serpin Family A Member 7,Protein Coding,P05543,54,GC0XM106032,18.99560928,https://www.genecards.org/cgi-bin/carddisp.pl?gene=SERPINA7
CPA6,Carboxypeptidase A6,Protein Coding,Q8N4T0,55,GC08M067422,18.74277115,https://www.genecards.org/cgi-bin/carddisp.pl?gene=CPA6
INHBA,Inhibin Subunit Beta A,Protein Coding,P08476,57,GC07M041670,18.36795807,https://www.genecards.org/cgi-bin/carddisp.pl?gene=INHBA
PAPPA,Pappalysin 1,Protein Coding,Q13219,55,GC09P152394,18.32822037,https://www.genecards.org/cgi-bin/carddisp.pl?gene=PAPPA
ST3GAL4,"ST3 Beta-Galactoside Alpha-2,3-Sialyltransferase 4",Protein Coding,Q11206,56,GC11P126355,18.04992676,https://www.genecards.org/cgi-bin/carddisp.pl?gene=ST3GAL4
PTGDS,Prostaglandin D2 Synthase,Protein Coding,P41222,59,GC09P153331,17.86101532,https://www.genecards.org/cgi-bin/carddisp.pl?gene=PTGDS
MYORG,Myogenesis Regulating Glycosidase,Protein Coding,Q6NSJ0,48,GC09M034366,17.85946846,https://www.genecards.org/cgi-bin/carddisp.pl?gene=MYORG
NBR1,NBR1 Autophagy Cargo Receptor,Protein Coding,Q14596,51,GC17P043170,17.78561592,https://www.genecards.org/cgi-bin/carddisp.pl?gene=NBR1
ALDH9A1,Aldehyde Dehydrogenase 9 Family Member A1,Protein Coding,P49189,55,GC01M167734,17.51064301,https://www.genecards.org/cgi-bin/carddisp.pl?gene=ALDH9A1
MSMB,Microseminoprotein Beta,Protein Coding,P08118,52,GC10M046033,17.40335464,https://www.genecards.org/cgi-bin/carddisp.pl?gene=MSMB
HLA-E,"Major Histocompatibility Complex, Class I, E",Protein Coding,P13747,53,GC06P181868,17.29703522,https://www.genecards.org/cgi-bin/carddisp.pl?gene=HLA-E
SLC22A1,Solute Carrier Family 22 Member 1,Protein Coding,O15245,55,GC06P160121,17.15959167,https://www.genecards.org/cgi-bin/carddisp.pl?gene=SLC22A1
PIK3R4,Phosphoinositide-3-Kinase Regulatory Subunit 4,Protein Coding,Q99570,58,GC03M130678,16.94942474,https://www.genecards.org/cgi-bin/carddisp.pl?gene=PIK3R4
CPQ,Carboxypeptidase Q,Protein Coding,Q9Y646,51,GC08P096645,16.88739967,https://www.genecards.org/cgi-bin/carddisp.pl?gene=CPQ
AMBRA1,Autophagy And Beclin 1 Regulator 1,Protein Coding,Q9C0C7,49,GC11M139433,16.79295158,https://www.genecards.org/cgi-bin/carddisp.pl?gene=AMBRA1
PDIA3,Protein Disulfide Isomerase Family A Member 3,Protein Coding,P30101,57,GC15P043746,16.66346169,https://www.genecards.org/cgi-bin/carddisp.pl?gene=PDIA3
TFF1,Trefoil Factor 1,Protein Coding,P04155,55,GC21M042362,16.54669571,https://www.genecards.org/cgi-bin/carddisp.pl?gene=TFF1
CALR3,Calreticulin 3,Protein Coding,Q96L12,48,GC19M108337,16.4484024,https://www.genecards.org/cgi-bin/carddisp.pl?gene=CALR3
ATP12A,ATPase H+/K+ Transporting Non-Gastric Alpha2 Subunit,Protein Coding,P54707,55,GC13P024680,16.37502861,https://www.genecards.org/cgi-bin/carddisp.pl?gene=ATP12A
RIF1,Replication Timing Regulatory Factor 1,Protein Coding,Q5UIP0,50,GC02P151409,16.26855087,https://www.genecards.org/cgi-bin/carddisp.pl?gene=RIF1
SAFB,Scaffold Attachment Factor B,Protein Coding,Q15424,52,GC19P005623,16.18904305,https://www.genecards.org/cgi-bin/carddisp.pl?gene=SAFB
ATG14,Autophagy Related 14,Protein Coding,Q6ZNE5,49,GC14M055366,16.07692909,https://www.genecards.org/cgi-bin/carddisp.pl?gene=ATG14
MAN2B2,Mannosidase Alpha Class 2B Member 2,Protein Coding,Q9Y2E5,50,GC04P006575,16.01159286,https://www.genecards.org/cgi-bin/carddisp.pl?gene=MAN2B2
CALCR,Calcitonin Receptor,Protein Coding,P30988,61,GC07M093424,15.89173126,https://www.genecards.org/cgi-bin/carddisp.pl?gene=CALCR
GABARAPL2,GABA Type A Receptor Associated Protein Like 2,Protein Coding,P60520,55,GC16P075566,15.81693459,https://www.genecards.org/cgi-bin/carddisp.pl?gene=GABARAPL2
CSN1S1,Casein Alpha S1,Protein Coding,P47710,50,GC04P070102,15.75506783,https://www.genecards.org/cgi-bin/carddisp.pl?gene=CSN1S1
ARSH,Arylsulfatase Family Member H,Protein Coding,Q5FYA8,44,GC0XP003006,15.59748268,https://www.genecards.org/cgi-bin/carddisp.pl?gene=ARSH
AKR1A1,Aldo-Keto Reductase Family 1 Member A1,Protein Coding,P14550,56,GC01P045550,15.5915947,https://www.genecards.org/cgi-bin/carddisp.pl?gene=AKR1A1
PNLIP,Pancreatic Lipase,Protein Coding,P16233,60,GC10P116545,15.5736084,https://www.genecards.org/cgi-bin/carddisp.pl?gene=PNLIP
MGAT1,"Alpha-1,3-Mannosyl-Glycoprotein 2-Beta-N-Acetylglucosaminyltransferase",Protein Coding,P26572,54,GC05M183425,15.50235462,https://www.genecards.org/cgi-bin/carddisp.pl?gene=MGAT1
ACLY,ATP Citrate Lyase,Protein Coding,P53396,59,GC17M041866,15.31377411,https://www.genecards.org/cgi-bin/carddisp.pl?gene=ACLY
MYBL1,MYB Proto-Oncogene Like 1,Protein Coding,P10243,51,GC08M066562,15.14536285,https://www.genecards.org/cgi-bin/carddisp.pl?gene=MYBL1
TDO2,"Tryptophan 2,3-Dioxygenase",Protein Coding,P48775,60,GC04P155854,14.73808289,https://www.genecards.org/cgi-bin/carddisp.pl?gene=TDO2
SQLE,Squalene Epoxidase,Protein Coding,Q14534,57,GC08P124998,14.72464848,https://www.genecards.org/cgi-bin/carddisp.pl?gene=SQLE
LPO,Lactoperoxidase,Protein Coding,P22079,54,GC17P058218,14.70764732,https://www.genecards.org/cgi-bin/carddisp.pl?gene=LPO
ACP3,Acid Phosphatase 3,Protein Coding,P15309,55,GC03P143221,14.46050167,https://www.genecards.org/cgi-bin/carddisp.pl?gene=ACP3
ATG12,Autophagy Related 12,Protein Coding,O94817,54,GC05M115828,14.45540714,https://www.genecards.org/cgi-bin/carddisp.pl?gene=ATG12
MLN,Motilin,Protein Coding,P12872,47,GC06M033794,14.3923645,https://www.genecards.org/cgi-bin/carddisp.pl?gene=MLN
GABARAPL1,GABA Type A Receptor Associated Protein Like 1,Protein Coding,Q9H0R8,52,GC12P010212,14.3338871,https://www.genecards.org/cgi-bin/carddisp.pl?gene=GABARAPL1
TRP-AGG2-5,TRNA-Pro (Anticodon AGG) 2-5,RNA Gene,,18,GC14M028662,14.28551006,https://www.genecards.org/cgi-bin/carddisp.pl?gene=TRP-AGG2-5
VAMP8,Vesicle Associated Membrane Protein 8,Protein Coding,Q9BV40,54,GC02P085561,14.105937,https://www.genecards.org/cgi-bin/carddisp.pl?gene=VAMP8
SERPINB7,Serpin Family B Member 7,Protein Coding,O75635,52,GC18P063752,14.06981373,https://www.genecards.org/cgi-bin/carddisp.pl?gene=SERPINB7
CLEC12A,C-Type Lectin Domain Family 12 Member A,Protein Coding,Q5QGZ9,50,GC12P009951,13.55210018,https://www.genecards.org/cgi-bin/carddisp.pl?gene=CLEC12A
NAGPA,N-Acetylglucosamine-1-Phosphodiester Alpha-N-Acetylglucosaminidase,Protein Coding,Q9UK23,48,GC16M050049,13.47349262,https://www.genecards.org/cgi-bin/carddisp.pl?gene=NAGPA
UVRAG,UV Radiation Resistance Associated,Protein Coding,Q9P2Y5,52,GC11P075815,13.38526249,https://www.genecards.org/cgi-bin/carddisp.pl?gene=UVRAG
TREH,Trehalase,Protein Coding,O43280,55,GC11M118657,13.25734138,https://www.genecards.org/cgi-bin/carddisp.pl?gene=TREH
MAN2A1,Mannosidase Alpha Class 2A Member 1,Protein Coding,Q16706,54,GC05P109689,13.20105553,https://www.genecards.org/cgi-bin/carddisp.pl?gene=MAN2A1
PCSK5,Proprotein Convertase Subtilisin/Kexin Type 5,Protein Coding,Q92824,54,GC09P076929,13.19696045,https://www.genecards.org/cgi-bin/carddisp.pl?gene=PCSK5
GAPDHS,"Glyceraldehyde-3-Phosphate Dehydrogenase, Spermatogenic",Protein Coding,O14556,55,GC19P152389,13.08139038,https://www.genecards.org/cgi-bin/carddisp.pl?gene=GAPDHS
MGAM2,Maltase-Glucoamylase 2 (Putative),Protein Coding,Q2M2H8,33,GC07P167659,12.97270679,https://www.genecards.org/cgi-bin/carddisp.pl?gene=MGAM2
KLK11,Kallikrein Related Peptidase 11,Protein Coding,Q9UBX7,54,GC19M109138,12.83608723,https://www.genecards.org/cgi-bin/carddisp.pl?gene=KLK11
ATP1B4,ATPase Na+/K+ Transporting Family Member Beta 4,Protein Coding,Q9UN42,44,GC0XP120362,12.78956413,https://www.genecards.org/cgi-bin/carddisp.pl?gene=ATP1B4
RNASE1,"Ribonuclease A Family Member 1, Pancreatic",Protein Coding,P07998,55,GC14M020801,12.66169548,https://www.genecards.org/cgi-bin/carddisp.pl?gene=RNASE1
LAP3,Leucine Aminopeptidase 3,Protein Coding,P28838,55,GC04P030099,12.54219627,https://www.genecards.org/cgi-bin/carddisp.pl?gene=LAP3
GIP,Gastric Inhibitory Polypeptide,Protein Coding,P09681,49,GC17M048958,12.33447266,https://www.genecards.org/cgi-bin/carddisp.pl?gene=GIP
HAO1,Hydroxyacid Oxidase 1,Protein Coding,Q9UJM8,52,GC20M010710,12.17239857,https://www.genecards.org/cgi-bin/carddisp.pl?gene=HAO1
MAP1A,Microtubule Associated Protein 1A,Protein Coding,P78559,51,GC15P192949,12.06685066,https://www.genecards.org/cgi-bin/carddisp.pl?gene=MAP1A
STX17,Syntaxin 17,Protein Coding,P56962,48,GC09P099906,12.05415535,https://www.genecards.org/cgi-bin/carddisp.pl?gene=STX17
ST3GAL1,"ST3 Beta-Galactoside Alpha-2,3-Sialyltransferase 1",Protein Coding,Q11201,55,GC08M133454,12.04169655,https://www.genecards.org/cgi-bin/carddisp.pl?gene=ST3GAL1
UGGT1,UDP-Glucose Glycoprotein Glucosyltransferase 1,Protein Coding,Q9NYU2,52,GC02P128091,12.02578926,https://www.genecards.org/cgi-bin/carddisp.pl?gene=UGGT1
IKZF2,IKAROS Family Zinc Finger 2,Protein Coding,Q9UKS7,51,GC02M213001,11.97008228,https://www.genecards.org/cgi-bin/carddisp.pl?gene=IKZF2
GATD3,Glutamine Amidotransferase Class 1 Domain Containing 3,Protein Coding,P0DPI2,44,GC21P051106,11.91999531,https://www.genecards.org/cgi-bin/carddisp.pl?gene=GATD3
SLC2A5,Solute Carrier Family 2 Member 5,Protein Coding,P22732,54,GC01M022399,11.91804028,https://www.genecards.org/cgi-bin/carddisp.pl?gene=SLC2A5
STIP1,Stress Induced Phosphoprotein 1,Protein Coding,P31948,57,GC11P107683,11.90850735,https://www.genecards.org/cgi-bin/carddisp.pl?gene=STIP1
ADPRH,ADP-Ribosylarginine Hydrolase,Protein Coding,P54922,48,GC03P119579,11.81012726,https://www.genecards.org/cgi-bin/carddisp.pl?gene=ADPRH
MPP2,MAGUK P55 Scaffold Protein 2,Protein Coding,Q14168,47,GC17M043875,11.58636761,https://www.genecards.org/cgi-bin/carddisp.pl?gene=MPP2
PGGHG,Protein-Glucosylgalactosylhydroxylysine Glucosidase,Protein Coding,Q32M88,48,GC11P020214,11.5490303,https://www.genecards.org/cgi-bin/carddisp.pl?gene=PGGHG
CSNK1A1L,Casein Kinase 1 Alpha 1 Like,Protein Coding,Q8N752,48,GC13M037103,11.28530312,https://www.genecards.org/cgi-bin/carddisp.pl?gene=CSNK1A1L
ENPEP,Glutamyl Aminopeptidase,Protein Coding,Q07075,58,GC04P110365,11.10175323,https://www.genecards.org/cgi-bin/carddisp.pl?gene=ENPEP
ACR,Acrosin,Protein Coding,P10323,52,GC22P050738,11.08192158,https://www.genecards.org/cgi-bin/carddisp.pl?gene=ACR
LALBA,Lactalbumin Alpha,Protein Coding,P00709,51,GC12M048567,11.06526375,https://www.genecards.org/cgi-bin/carddisp.pl?gene=LALBA
SPAG9,Sperm Associated Antigen 9,Protein Coding,O60271,50,GC17M050962,11.0526371,https://www.genecards.org/cgi-bin/carddisp.pl?gene=SPAG9
B4GALT3,"Beta-1,4-Galactosyltransferase 3",Protein Coding,O60512,50,GC01M161171,10.81775761,https://www.genecards.org/cgi-bin/carddisp.pl?gene=B4GALT3
TFF2,Trefoil Factor 2,Protein Coding,Q03403,52,GC21M042346,10.75849915,https://www.genecards.org/cgi-bin/carddisp.pl?gene=TFF2
MAN1A2,Mannosidase Alpha Class 1A Member 2,Protein Coding,O60476,55,GC01P117367,10.58685684,https://www.genecards.org/cgi-bin/carddisp.pl?gene=MAN1A2
MPP1,MAGUK P55 Scaffold Protein 1,Protein Coding,Q00013,50,GC0XM154779,10.52146053,https://www.genecards.org/cgi-bin/carddisp.pl?gene=MPP1
HLA-F,"Major Histocompatibility Complex, Class I, F",Protein Coding,P30511,52,GC06P181841,10.48861313,https://www.genecards.org/cgi-bin/carddisp.pl?gene=HLA-F
MAN2A2,Mannosidase Alpha Class 2A Member 2,Protein Coding,P49641,50,GC15P090902,10.44778061,https://www.genecards.org/cgi-bin/carddisp.pl?gene=MAN2A2
CLEC4A,C-Type Lectin Domain Family 4 Member A,Protein Coding,Q9UMR7,48,GC12P074109,10.39195156,https://www.genecards.org/cgi-bin/carddisp.pl?gene=CLEC4A
PCSK6,Proprotein Convertase Subtilisin/Kexin Type 6,Protein Coding,P29122,54,GC15M163349,10.30002785,https://www.genecards.org/cgi-bin/carddisp.pl?gene=PCSK6
STBD1,Starch Binding Domain 1,Protein Coding,O95210,47,GC04P076306,10.22916126,https://www.genecards.org/cgi-bin/carddisp.pl?gene=STBD1
MAN1A1,Mannosidase Alpha Class 1A Member 1,Protein Coding,P33908,52,GC06M119269,10.000597,https://www.genecards.org/cgi-bin/carddisp.pl?gene=MAN1A1
MAN1C1,Mannosidase Alpha Class 1C Member 1,Protein Coding,Q9NR34,51,GC01P076370,9.940031052,https://www.genecards.org/cgi-bin/carddisp.pl?gene=MAN1C1
GBA3,Glucosylceramidase Beta 3 (Gene/Pseudogene),Protein Coding,Q9H227,44,GC04P030165,9.719262123,https://www.genecards.org/cgi-bin/carddisp.pl?gene=GBA3
B4GALT4,"Beta-1,4-Galactosyltransferase 4",Protein Coding,O60513,48,GC03M119211,9.708390236,https://www.genecards.org/cgi-bin/carddisp.pl?gene=B4GALT4
LMAN2,"Lectin, Mannose Binding 2",Protein Coding,Q12907,54,GC05M183282,9.68367672,https://www.genecards.org/cgi-bin/carddisp.pl?gene=LMAN2
MGAT4C,MGAT4 Family Member C,Protein Coding,Q9UBM8,51,GC12M085955,9.593755722,https://www.genecards.org/cgi-bin/carddisp.pl?gene=MGAT4C
ST3GAL2,"ST3 Beta-Galactoside Alpha-2,3-Sialyltransferase 2",Protein Coding,Q16842,52,GC16M070375,9.511065483,https://www.genecards.org/cgi-bin/carddisp.pl?gene=ST3GAL2
MLEC,Malectin,Protein Coding,Q14165,47,GC12P120687,9.505480766,https://www.genecards.org/cgi-bin/carddisp.pl?gene=MLEC
LPXN,Leupaxin,Protein Coding,O60711,51,GC11M139524,9.462638855,https://www.genecards.org/cgi-bin/carddisp.pl?gene=LPXN
AMY2A,Amylase Alpha 2A,Protein Coding,P04746,50,GC01P103616,9.416243553,https://www.genecards.org/cgi-bin/carddisp.pl?gene=AMY2A
EHD4,EH Domain Containing 4,Protein Coding,Q9H223,47,GC15M041895,9.195227623,https://www.genecards.org/cgi-bin/carddisp.pl?gene=EHD4
TXNDC5,Thioredoxin Domain Containing 5,Protein Coding,Q8NBS9,48,GC06M007893,9.092121124,https://www.genecards.org/cgi-bin/carddisp.pl?gene=TXNDC5
IFI30,IFI30 Lysosomal Thiol Reductase,Protein Coding,P13284,48,GC19P018173,8.846839905,https://www.genecards.org/cgi-bin/carddisp.pl?gene=IFI30
TRP-AGG2-6,TRNA-Pro (Anticodon AGG) 2-6,RNA Gene,,14,GC14M028665,8.645733833,https://www.genecards.org/cgi-bin/carddisp.pl?gene=TRP-AGG2-6
MGAT4B,"Alpha-1,3-Mannosyl-Glycoprotein 4-Beta-N-Acetylglucosaminyltransferase B",Protein Coding,Q9UQ53,51,GC05M179797,8.608616829,https://www.genecards.org/cgi-bin/carddisp.pl?gene=MGAT4B
MGAT5B,"Alpha-1,6-Mannosylglycoprotein 6-Beta-N-Acetylglucosaminyltransferase B",Protein Coding,Q3V5L5,49,GC17P076868,8.307707787,https://www.genecards.org/cgi-bin/carddisp.pl?gene=MGAT5B
MANEA,Mannosidase Endo-Alpha,Protein Coding,Q5SRI9,48,GC06P095577,8.277486801,https://www.genecards.org/cgi-bin/carddisp.pl?gene=MANEA
FABP12,Fatty Acid Binding Protein 12,Protein Coding,A6NFH5,44,GC08M081524,8.260033607,https://www.genecards.org/cgi-bin/carddisp.pl?gene=FABP12
WDR47,WD Repeat Domain 47,Protein Coding,O94967,46,GC01M108970,8.1731987,https://www.genecards.org/cgi-bin/carddisp.pl?gene=WDR47
AMY2B,Amylase Alpha 2B,Protein Coding,P19961,52,GC01P103554,8.150241852,https://www.genecards.org/cgi-bin/carddisp.pl?gene=AMY2B
B4GALT6,"Beta-1,4-Galactosyltransferase 6",Protein Coding,Q9UBX8,50,GC18M031622,8.023980141,https://www.genecards.org/cgi-bin/carddisp.pl?gene=B4GALT6
MGAT4A,"Alpha-1,3-Mannosyl-Glycoprotein 4-Beta-N-Acetylglucosaminyltransferase A",Protein Coding,Q9UM21,50,GC02M098619,7.767763138,https://www.genecards.org/cgi-bin/carddisp.pl?gene=MGAT4A
B3GALT4,"Beta-1,3-Galactosyltransferase 4",Protein Coding,O96024,52,GC06P033277,7.750994682,https://www.genecards.org/cgi-bin/carddisp.pl?gene=B3GALT4
ENTPD4,Ectonucleoside Triphosphate Diphosphohydrolase 4,Protein Coding,Q9Y227,45,GC08M023385,7.456005573,https://www.genecards.org/cgi-bin/carddisp.pl?gene=ENTPD4
B3GALT5,"Beta-1,3-Galactosyltransferase 5",Protein Coding,Q9Y2C3,51,GC21P039556,7.405655384,https://www.genecards.org/cgi-bin/carddisp.pl?gene=B3GALT5
LDHC,Lactate Dehydrogenase C,Protein Coding,P07864,52,GC11P021410,7.401004314,https://www.genecards.org/cgi-bin/carddisp.pl?gene=LDHC
DPP7,Dipeptidyl Peptidase 7,Protein Coding,Q9UHL4,52,GC09M139299,7.3052001,https://www.genecards.org/cgi-bin/carddisp.pl?gene=DPP7
ERP29,Endoplasmic Reticulum Protein 29,Protein Coding,P30040,47,GC12P112013,7.265441895,https://www.genecards.org/cgi-bin/carddisp.pl?gene=ERP29
AMY1A,Amylase Alpha 1A,Protein Coding,P0DUB6,42,GC01P103651,7.12693882,https://www.genecards.org/cgi-bin/carddisp.pl?gene=AMY1A
B4GALT2,"Beta-1,4-Galactosyltransferase 2",Protein Coding,O60909,49,GC01P043978,7.029954433,https://www.genecards.org/cgi-bin/carddisp.pl?gene=B4GALT2
B3GALNT1,"Beta-1,3-N-Acetylgalactosaminyltransferase 1 (Globoside Blood Group)",Protein Coding,O75752,50,GC03M161083,6.488526344,https://www.genecards.org/cgi-bin/carddisp.pl?gene=B3GALNT1
B3GALT1,"Beta-1,3-Galactosyltransferase 1",Protein Coding,Q9Y5Z6,42,GC02P167306,6.224763393,https://www.genecards.org/cgi-bin/carddisp.pl?gene=B3GALT1
CRISP1,Cysteine Rich Secretory Protein 1,Protein Coding,P54107,43,GC06M106827,6.16202116,https://www.genecards.org/cgi-bin/carddisp.pl?gene=CRISP1
LOC130005193,ATAC-STARR-Seq Lymphoblastoid Silent Region 3099,Functional Element,,7,GC11P022338,5.497199059,https://www.genecards.org/cgi-bin/carddisp.pl?gene=LOC130005193
SLC5A4,Solute Carrier Family 5 Member 4,Protein Coding,Q9NY91,51,GC22M032218,5.186536789,https://www.genecards.org/cgi-bin/carddisp.pl?gene=SLC5A4
TMEM255A,Transmembrane Protein 255A,Protein Coding,Q5JRV8,41,GC0XM120534,5.14824295,https://www.genecards.org/cgi-bin/carddisp.pl?gene=TMEM255A
B3GALT2,"Beta-1,3-Galactosyltransferase 2",Protein Coding,O43825,44,GC01M193147,5.111894608,https://www.genecards.org/cgi-bin/carddisp.pl?gene=B3GALT2
ALLC,Allantoicase,Protein Coding,Q8N6M5,45,GC02P004108,4.279352188,https://www.genecards.org/cgi-bin/carddisp.pl?gene=ALLC
PRR7-AS1,PRR7 Antisense RNA 1,RNA Gene,,19,GC05M183285,2.459146023,https://www.genecards.org/cgi-bin/carddisp.pl?gene=PRR7-AS1
